{
    "A": "Augsburg (Bay)",
    "AA": "Ostalbkreis (BaWü)",
    "AB": "Aschaffenburg (Bay)",
    "ABG": "Altenburger Land (Thür)",
    "ABI": "Anhalt-Bitterfeld (SaAn)",
    "AC": "Aachen (NrWe)",
    "AE": "Vogtlandkreis (Sachs)",
    "AH": "Borken (NrWe)",
    "AIB": "München, Rosenheim (Bay)",
    "AIC": "Aichach-Friedberg (Bay)",
    "AK": "Altenkirchen/Westerwald (RhPf)",
    "ALF": "Hildesheim (NiSa)",
    "ALZ": "Aschaffenburg (Bay)",
    "AM": "Amberg, Stadt (Bay)",
    "AN": "Ansbach (Bay)",
    "ANA": "Erzgebirgskreis (Sachs)",
    "ANG": "Uckermark (Bran)",
    "ANK": "Vorpommern-Greifswald (MeVo)",
    "AP": "Weimarer Land (Thür)",
    "APD": "Weimarer Land (Thür)",
    "ARN": "Ilm-Kreis (Thür)",
    "ART": "Kyffhäuserkreis (Thür)",
    "AS": "Amberg-Sulzbach (Bay)",
    "ASL": "Salzlandkreis (SaAn)",
    "ASZ": "Erzgebirgskreis (Sachs)",
    "AT": "Mecklenburgische Seenplatte (MeVo)",
    "AU": "Erzgebirgskreis (Sachs)",
    "AUR": "Aurich (NiSa)",
    "AW": "Ahrweiler (RhPf)",
    "AZ": "Alzey-Worms (RhPf)",
    "AZE": "Anhalt-Bitterfeld (SaAn)",
    "AÖ": "Altötting (Bay)",
    "B": "Berlin",
    "BA": "Bamberg (Bay)",
    "BAD": "Baden-Baden, Stadt (BaWü)",
    "BAR": "Barnim (Bran)",
    "BB": "Böblingen (BaWü)",
    "BBG": "Salzlandkreis (SaAn)",
    "BC": "Biberach (BaWü)",
    "BCH": "Neckar-Odenwald-Kreis (BaWü)",
    "BD 1": "Deutscher Bundestag",
    "BD 10": "Bundesjustizministerium",
    "BD 11": "Bundesfinanzministerium",
    "BD 12": "Bundesministerium für Wirtschaft und Klimaschutz",
    "BD 13": "Bundesministerium für Digitales und Verkehr",
    "BD 16": "Bundesfinanzverwaltung",
    "BD 18": "Bundesverteidigungsministerium",
    "BD 19": "Bundesministerium für Bildung und Forschung",
    "BD 20": "Bundesministerium für Umwelt, Naturschutz, nukleare Sicherheit und Verbraucherschutz",
    "BD 21": "Bundesministerium für Familie",
    "BD 22": "Bundesgesundheitsministerium",
    "BD 26": "Bundesministerium für wirtschaftliche Zusammenarbeit und Entwicklung",
    "BD 3": "Bundesrat",
    "BD 4": "Bundesverfassungsgericht",
    "BD 5": "Bundespräsidialamt",
    "BD 6": "Bundeskanzleramt",
    "BD 7": "Auswärtiges Amt",
    "BD 9": "Bundesinnenministerium",
    "BE": "Warendorf (NrWe)",
    "BED": "Mittelsachsen (Sachs)",
    "BEL": "Potsdam-Mittelmark (Bran)",
    "BER": "Barnim (Bran)",
    "BF": "Steinfurt (NrWe)",
    "BGD": "Berchtesgadener Land (Bay)",
    "BGL": "Berchtesgadener Land (Bay)",
    "BH": "Ortenaukreis, Rastatt (BaWü)",
    "BI": "Bielefeld, Stadt (NrWe)",
    "BID": "Marburg-Biedenkopf (Hess)",
    "BIN": "Mainz-Bingen (RhPf)",
    "BIR": "Birkenfeld (RhPf)",
    "BIT": "Eifelkreis Bitburg-Prüm (RhPf)",
    "BIW": "Bautzen (Sachs)",
    "BK": "Börde, Rems-Murr-Kreis, Schwäbisch Hall (SaAn/BaWü)",
    "BKS": "Bernkastel-Wittlich (RhPf)",
    "BL": "Zollernalbkreis (BaWü)",
    "BLB": "Siegen-Wittgenstein (NrWe)",
    "BLK": "Burgenlandkreis (SaAn)",
    "BM": "Rhein-Erft-Kreis (NrWe)",
    "BN": "Bonn, Stadt (NrWe)",
    "BNA": "Leipzig (Sachs)",
    "BO": "Bochum, Stadt (NrWe)",
    "BOG": "Straubing-Bogen (Bay)",
    "BOH": "Borken (NrWe)",
    "BOR": "Borken (NrWe)",
    "BOT": "Bottrop, Stadt (NrWe)",
    "BR": "Landkreis Karlsruhe (BaWü)",
    "BRA": "Wesermarsch (NiSa)",
    "BRB": "Brandenburg, Stadt (Bran)",
    "BRG": "Jerichower Land (SaAn)",
    "BRK": "Bad Kissingen (Bay)",
    "BRL": "Goslar (NiSa)",
    "BRV": "Rotenburg/Wümme (NiSa)",
    "BS": "Braunschweig, Stadt (NiSa)",
    "BSB": "Osnabrück (NiSa)",
    "BSK": "Oder-Spree (Bran)",
    "BT": "Bayreuth (Bay)",
    "BTF": "Anhalt-Bitterfeld (SaAn)",
    "BUL": "Amberg-Sulzbach, Schwandorf (Bay)",
    "BZ": "Bautzen (Sachs)",
    "BÖ": "Börde (SaAn)",
    "BÜD": "Wetteraukreis (Hess)",
    "BÜR": "Paderborn (NrWe)",
    "BÜS": "Konstanz, Gemeinde Büsingen am Hochrhein (BaWü)",
    "BÜZ": "Rostock, Landkreis (MeVo)",
    "C": "Chemnitz, Stadt (Sachs)",
    "CA": "Oberspreewald-Lausitz (Bran)",
    "CAS": "Recklinghausen (NrWe)",
    "CB": "Cottbus, Stadt (Bran)",
    "CE": "Celle (NiSa)",
    "CHA": "Cham (Bay)",
    "CLP": "Cloppenburg (NiSa)",
    "CLZ": "Goslar (NiSa)",
    "CO": "Zulassungsstelle Coburg, Zweckverband (Bay)",
    "COC": "Cochem-Zell (RhPf)",
    "COE": "Coesfeld (NrWe)",
    "CR": "Schwäbisch Hall (BaWü)",
    "CUX": "Cuxhaven (NiSa)",
    "CW": "Calw (BaWü)",
    "D": "Düsseldorf, Stadt (NrWe)",
    "DA": "Darmstadt (Hess)",
    "DAH": "Dachau (Bay)",
    "DAN": "Lüchow-Dannenberg (NiSa)",
    "DAU": "Vulkaneifel (RhPf)",
    "DBR": "Rostock, Landkreis (MeVo)",
    "DD": "Dresden, Stadt (Sachs)",
    "DE": "Dessau-Roßlau, Stadt (SaAn)",
    "DEG": "Deggendorf (Bay)",
    "DEL": "Delmenhorst, Stadt (NiSa)",
    "DGF": "Dingolfing-Landau (Bay)",
    "DH": "Diepholz (NiSa)",
    "DI": "Darmstadt-Dieburg (Hess)",
    "DIL": "Lahn-Dill-Kreis (Hess)",
    "DIN": "Wesel (NrWe)",
    "DIZ": "Rhein-Lahn-Kreis (RhPf)",
    "DKB": "Ansbach (Bay)",
    "DL": "Mittelsachsen (Sachs)",
    "DLG": "Dillingen an der Donau (Bay)",
    "DM": "Mecklenburgische Seenplatte (MeVo)",
    "DN": "Düren (NrWe)",
    "DO": "Dortmund, Stadt (NrWe)",
    "DON": "Donau-Ries (Bay)",
    "DS": "Schwarzwald-Baar-Kreis (BaWü)",
    "DU": "Duisburg, Stadt (NrWe)",
    "DUD": "Göttingen (NiSa)",
    "DW": "Sächsische Schweiz-Osterzgebirge (Sachs)",
    "DZ": "Nordsachsen (Sachs)",
    "DÜW": "Bad Dürkheim (RhPf)",
    "E": "Essen, Stadt (NrWe)",
    "EA": "Wartburgkreis (Thür)",
    "EB": "Nordsachsen (Sachs)",
    "EBE": "Ebersberg (Bay)",
    "EBN": "Haßberge (Bay)",
    "EBS": "Bayreuth, Forchheim, Kulmbach (Bay)",
    "ECK": "Rendsburg-Eckernförde (SlHo)",
    "ED": "Erding (Bay)",
    "EE": "Elbe-Elster (Bran)",
    "EF": "Erfurt, Stadt (Thür)",
    "EG": "Rottal-Inn (Bay)",
    "EH": "Oder-Spree (Bran)",
    "EI": "Eichstätt (Bay)",
    "EIC": "Eichsfeld (Thür)",
    "EIL": "Mansfeld-Südharz (SaAn)",
    "EIN": "Northeim (NiSa)",
    "EIS": "Saale-Holzland-Kreis (Thür)",
    "EL": "Emsland (NiSa)",
    "EM": "Emmendingen (BaWü)",
    "EMD": "Emden, Stadt (NiSa)",
    "EMS": "Rhein-Lahn-Kreis (RhPf)",
    "EN": "Ennepe-Ruhr-Kreis (NrWe)",
    "ER": "Erlangen, Stadt (Bay)",
    "ERB": "Odenwaldkreis (Hess)",
    "ERH": "Erlangen-Höchstadt (Bay)",
    "ERK": "Heinsberg (NrWe)",
    "ERZ": "Erzgebirgskreis (Sachs)",
    "ES": "Esslingen (BaWü)",
    "ESB": "Amberg-Sulzbach, Bayreuth, Neustadt a.d. Waldnaab, Nürnberger Land (Bay)",
    "ESW": "Werra-Meißner-Kreis (Hess)",
    "EU": "Euskirchen (NrWe)",
    "EW": "Barnim (Bran)",
    "F": "Frankfurt/Main, Stadt (Hess)",
    "FB": "Wetteraukreis (Hess)",
    "FD": "Fulda (Hess)",
    "FDB": "Aichach-Friedberg (Bay)",
    "FDS": "Freudenstadt (BaWü)",
    "FEU": "Ansbach (Bay)",
    "FF": "Frankfurt/Oder, Stadt (Bran)",
    "FFB": "Fürstenfeldbruck (Bay)",
    "FG": "Mittelsachsen (Sachs)",
    "FI": "Elbe-Elster (Bran)",
    "FKB": "Waldeck-Frankenberg (Hess)",
    "FL": "Flensburg (SlHo)",
    "FLÖ": "Mittelsachsen (Sachs)",
    "FN": "Bodenseekreis (BaWü)",
    "FO": "Forchheim (Bay)",
    "FOR": "Spree-Neiße (Bran)",
    "FR": "Freiburg im Breisgau, Stadt; Breisgau-Hochschwarzwald (BaWü)",
    "FRG": "Freyung-Grafenau (Bay)",
    "FRI": "Friesland (NiSa)",
    "FRW": "Märkisch-Oderland (Bran)",
    "FS": "Freising (Bay)",
    "FT": "Frankenthal/Pfalz, Stadt (RhPf)",
    "FTL": "Sächsische Schweiz-Osterzgebirge (Sachs)",
    "FW": "Oder-Spree (Bran)",
    "FZ": "Schwalm-Eder-Kreis (Hess)",
    "FÜ": "Fürth (Bay)",
    "FÜS": "Ostallgäu (Bay)",
    "G": "Gera, Stadt (Thür)",
    "GA": "Altmarkkreis Salzwedel (SaAn)",
    "GAN": "Northeim (NiSa)",
    "GAP": "Garmisch-Partenkirchen (Bay)",
    "GC": "Zwickau (Sachs)",
    "GD": "Ostalbkreis (BaWü)",
    "GDB": "Nordwestmecklenburg (MeVo)",
    "GE": "Gelsenkirchen, Stadt (NrWe)",
    "GEL": "Kleve (NrWe)",
    "GEO": "Haßberge, Schweinfurt (Bay)",
    "GER": "Germersheim (RhPf)",
    "GF": "Gifhorn (NiSa)",
    "GG": "Groß-Gerau (Hess)",
    "GHA": "Leipzig (Sachs)",
    "GHC": "Wittenberg (SaAn)",
    "GI": "Gießen (Hess)",
    "GK": "Heinsberg (NrWe)",
    "GL": "Rheinisch-Bergischer Kreis (NrWe)",
    "GLA": "Recklinghausen (NrWe)",
    "GM": "Oberbergischer Kreis (NrWe)",
    "GMN": "Vorpommern-Rügen (MeVo)",
    "GN": "Main-Kinzig-Kreis (Hess)",
    "GNT": "Jerichower Land (SaAn)",
    "GOA": "Rhein-Hunsrück-Kreis (RhPf)",
    "GOH": "Rhein-Lahn-Kreis (RhPf)",
    "GP": "Göppingen (BaWü)",
    "GR": "Görlitz (Sachs)",
    "GRA": "Freyung-Grafenau (Bay)",
    "GRH": "Meißen (Sachs)",
    "GRI": "Rottal-Inn (Bay)",
    "GRM": "Leipzig (Sachs)",
    "GRZ": "Greiz (Thür)",
    "GS": "Goslar (NiSa)",
    "GT": "Gütersloh (NrWe)",
    "GTH": "Gotha (Thür)",
    "GUB": "Spree-Neiße (Bran)",
    "GUN": "Weißenburg-Gunzenhausen (Bay)",
    "GV": "Rhein-Kreis Neuss (NrWe)",
    "GVM": "Nordwestmecklenburg (MeVo)",
    "GW": "Vorpommern-Greifswald (MeVo)",
    "GZ": "Günzburg (Bay)",
    "GÖ": "Göttingen (NiSa)",
    "GÜ": "Landkreis Rostock (MeVo)",
    "H": "Hannover (NiSa)",
    "HA": "Hagen, Stadt (NrWe)",
    "HAB": "Bad Kissingen (Bay)",
    "HAL": "Halle, Stadt (SaAn)",
    "HAM": "Hamm, Stadt (NrWe)",
    "HAS": "Haßberge (Bay)",
    "HB": "Freie Hansestadt Bremen (Bre)",
    "HBN": "Hildburghausen (Thür)",
    "HBS": "Harz (SaAn)",
    "HC": "Mittelsachsen (Sachs)",
    "HCH": "Freudenstadt, Zollernalbkreis (BaWü)",
    "HD": "Heidelberg, Stadt; Rhein-Neckar-Kreis (BaWü)",
    "HDH": "Heidenheim (BaWü)",
    "HDL": "Börde (SaAn)",
    "HE": "Helmstedt (NiSa)",
    "HEB": "Nürnberger Land (Bay)",
    "HEF": "Hersfeld-Rotenburg (Hess)",
    "HEI": "Dithmarschen (SlHo)",
    "HER": "Herne, Stadt (NrWe)",
    "HET": "Mansfeld-Südharz (SaAn)",
    "HF": "Herford (NrWe)",
    "HG": "Hochtaunuskreis (Hess)",
    "HGN": "Ludwigslust-Parchim (MeVo)",
    "HGW": "Hansestadt Greifswald (MeVo)",
    "HH": "Freie und Hansestadt Hamburg",
    "HHM": "Burgenlandkreis (SaAn)",
    "HI": "Hildesheim (NiSa)",
    "HIG": "Eichsfeld (Thür)",
    "HIP": "Roth (Bay)",
    "HK": "Heidekreis (NiSa)",
    "HL": "Hansestadt Lübeck (SlHo)",
    "HM": "Hameln-Pyrmont (NiSa)",
    "HMÜ": "Göttingen (NiSa)",
    "HN": "Heilbronn (BaWü)",
    "HO": "Hof (Bay)",
    "HOG": "Kassel (Hess)",
    "HOH": "Haßberge (Bay)",
    "HOL": "Holzminden (NiSa)",
    "HOM": "Saarpfalz-Kreis (Saar)",
    "HOR": "Freudenstadt (BaWü)",
    "HOT": "Zwickau (Sachs)",
    "HP": "Bergstraße (Hess)",
    "HR": "Schwalm-Eder-Kreis (Hess)",
    "HRO": "Hansestadt Rostock (MeVo)",
    "HS": "Heinsberg (NrWe)",
    "HSK": "Hochsauerlandkreis (NrWe)",
    "HST": "Hansestadt Stralsund, Stadt (MeVo)",
    "HU": "Hanau, Main-Kinzig-Kreis (Hess)",
    "HV": "Stendal (SaAn)",
    "HVL": "Havelland (Bran)",
    "HWI": "Hansestadt Wismar (MeVo)",
    "HX": "Höxter (NrWe)",
    "HY": "Bautzen (Sachs)",
    "HZ": "Harz (SaAn)",
    "HÖS": "Erlangen-Höchstadt (Bay)",
    "IGB": "St. Ingbert, Stadt (Saar)",
    "IK": "Ilm-Kreis (Thür)",
    "IL": "Ilm-Kreis (Thür)",
    "ILL": "Neu-Ulm (Bay)",
    "IN": "Ingolstadt, Stadt (Bay)",
    "IZ": "Steinburg (SlHo)",
    "J": "Jena, Stadt (Thür)",
    "JB": "Teltow-Fläming (Bran)",
    "JE": "Wittenberg (SaAn)",
    "JL": "Jerichower Land (SaAn)",
    "JÜL": "Düren (NrWe)",
    "K": "Köln, Stadt (NrWe)",
    "KA": "Karlsruhe (BaWü)",
    "KB": "Waldeck-Frankenberg (Hess)",
    "KC": "Kronach (Bay)",
    "KE": "Kempten/Allgäu, Stadt (Bay)",
    "KEH": "Kelheim (Bay)",
    "KEL": "Ortenaukreis (BaWü)",
    "KEM": "Bayreuth, Tirschenreuth (Bay)",
    "KF": "Kaufbeuren, Stadt (Bay)",
    "KG": "Bad Kissingen (Bay)",
    "KH": "Bad Kreuznach (RhPf)",
    "KI": "Kiel (SlHo)",
    "KIB": "Donnersbergkreis (RhPf)",
    "KK": "Viersen (NrWe)",
    "KL": "Kaiserslautern (RhPf)",
    "KLE": "Kleve (NrWe)",
    "KLZ": "Altmarkkreis Salzwedel (SaAn)",
    "KM": "Bautzen (Sachs)",
    "KN": "Konstanz (BaWü)",
    "KO": "Koblenz, Stadt (RhPf)",
    "KR": "Krefeld, Stadt (NrWe)",
    "KRU": "Günzburg (Bay)",
    "KS": "Kassel (Hess)",
    "KT": "Kitzingen (Bay)",
    "KU": "Kulmbach (Bay)",
    "KUS": "Kusel (RhPf)",
    "KW": "Dahme-Spreewald (Bran)",
    "KY": "Ostprignitz-Ruppin (Bran)",
    "KYF": "Kyffhäuserkreis (Thür)",
    "KÖN": "Rhön-Grabfeld (Bay)",
    "KÖT": "Anhalt-Bitterfeld (SaAn)",
    "KÖZ": "Cham (Bay)",
    "KÜN": "Hohenlohekreis (BaWü)",
    "L": "Leipzig (Sachs)",
    "LA": "Landshut (Bay)",
    "LAN": "Dingolfing-Landau (Bay)",
    "LAU": "Nürnberger Land (Bay)",
    "LB": "Ludwigsburg (BaWü)",
    "LBS": "Saale-Orla-Kreis (Thür)",
    "LBZ": "Ludwigslust-Parchim (MeVo)",
    "LC": "Dahme-Spreewald (Bran)",
    "LD": "Landau i. d. Pfalz (RhPf)",
    "LDK": "Lahn-Dill-Kreis (Hess)",
    "LDS": "Dahme-Spreewald (Bran)",
    "LEO": "Böblingen (BaWü)",
    "LER": "Leer (NiSa)",
    "LEV": "Leverkusen (NrWe)",
    "LF": "Altötting, Berchtesgadener Land, Traunstein (Bay)",
    "LG": "Lüneburg (NiSa)",
    "LH": "Coesfeld, Unna (NrWe)",
    "LI": "Lindau/Bodensee (Bay)",
    "LIB": "Elbe-Elster (Bran)",
    "LIF": "Lichtenfels (Bay)",
    "LIP": "Lippe (NrWe)",
    "LK": "Minden-Lübbecke (NrWe)",
    "LL": "Landsberg am Lech (Bay)",
    "LM": "Limburg-Weilburg (Hess)",
    "LN": "Dahme-Spreewald (Bran)",
    "LOS": "Oder-Spree (Bran)",
    "LP": "Soest (NrWe)",
    "LR": "Ortenaukreis (BaWü)",
    "LRO": "Rostock, Landkreis (MeVo)",
    "LSZ": "Unstrut-Hainich-Kreis (Thür)",
    "LU": "Ludwigshafen am Rhein (RhPf)",
    "LUK": "Teltow-Fläming (Bran)",
    "LUP": "Ludwigslust-Parchim (MeVo)",
    "LWL": "Ludwigslust-Parchim (MeVo)",
    "LÖ": "Lörrach (BaWü)",
    "LÖB": "Görlitz (Sachs)",
    "LÜN": "Unna (NrWe)",
    "M": "München (Bay)",
    "MA": "Mannheim, Stadt (BaWü)",
    "MAB": "Erzgebirgskreis (Sachs)",
    "MAI": "Kelheim, Landshut (Bay)",
    "MAK": "Wunsiedel i. Fichtelgebirge (Bay)",
    "MAL": "Landshut, Straubing-Bogen (Bay)",
    "MB": "Miesbach (Bay)",
    "MC": "Mecklenburgische Seenplatte (MeVo)",
    "MD": "Magdeburg, Stadt (SaAn)",
    "ME": "Mettmann (NrWe)",
    "MED": "Dithmarschen (SlHo)",
    "MEG": "Schwalm-Eder-Kreis (Hess)",
    "MEI": "Meißen (Sachs)",
    "MEK": "Erzgebirgskreis (Sachs)",
    "MEL": "Osnabrück (NiSa)",
    "MER": "Saalekreis (SaAn)",
    "MET": "Rhön-Grabfeld (Bay)",
    "MG": "Mönchengladbach, Stadt (NrWe)",
    "MGH": "Main-Tauber-Kreis (BaWü)",
    "MGN": "Schmalkalden-Meiningen (Thür)",
    "MH": "Mülheim an der Ruhr, Stadt (NrWe)",
    "MHL": "Unstrut-Hainich-Kreis (Thür)",
    "MI": "Minden-Lübbecke (NrWe)",
    "MIL": "Miltenberg (Bay)",
    "MK": "Märkischer Kreis (NrWe)",
    "MKK": "Main-Kinzig-Kreis (Hess)",
    "ML": "Mansfeld-Südharz (SaAn)",
    "MM": "Memmingen, Stadt (Bay)",
    "MN": "Unterallgäu (Bay)",
    "MO": "Wesel (NrWe)",
    "MOD": "Ostallgäu (Bay)",
    "MOL": "Märkisch-Oderland (Bran)",
    "MON": "Aachen, Düren (NrWe)",
    "MOS": "Neckar-Odenwald-Kreis (BaWü)",
    "MQ": "Saalekreis (SaAn)",
    "MR": "Marburg-Biedenkopf (Hess)",
    "MS": "Münster, Stadt (NrWe)",
    "MSE": "Mecklenburgische Seenplatte (MeVo)",
    "MSH": "Mansfeld-Südharz (SaAn)",
    "MSP": "Main-Spessart (Bay)",
    "MST": "Mecklenburgische Seenplatte (MeVo)",
    "MTK": "Main-Taunus-Kreis (Hess)",
    "MTL": "Leipzig (Sachs)",
    "MU": "Landkreis München (Bay)",
    "MUC": "München, Stadt (Bay)",
    "MW": "Mittelsachsen (Sachs)",
    "MY": "Mayen-Koblenz (RhPf)",
    "MYK": "Mayen-Koblenz (RhPf)",
    "MZ": "Mainz (RhPf)",
    "MZG": "Merzig-Wadern (Saar)",
    "MÜ": "Mühldorf am Inn (Bay)",
    "MÜB": "Bayreuth, Hof (Bay)",
    "MÜL": "Breisgau-Hochschwarzwald (BaWü)",
    "MÜR": "Mecklenburgische Seenplatte (MeVo)",
    "N": "Nürnberg, Stadt; Nürnberger Land (Bay)",
    "NAB": "Amberg-Sulzbach, Schwandorf (Bay)",
    "NAI": "Hof (Bay)",
    "NAU": "Havelland (Bran)",
    "NB": "Neubrandenburg, Stadt (MeVo)",
    "ND": "Neuburg-Schrobenhausen (Bay)",
    "NDH": "Nordhausen (Thür)",
    "NE": "Rhein-Kreis Neuss (NrWe)",
    "NEA": "Neustadt an der Aisch-Bad Windsheim (Bay)",
    "NEB": "Burgenlandkreis (SaAn)",
    "NEC": "Zulassungsstelle Coburg, Zweckverband (Bay)",
    "NEN": "Schwandorf (Bay)",
    "NES": "Rhön-Grabfeld (Bay)",
    "NEU": "Breisgau-Hochschwarzwald (BaWü)",
    "NEW": "Neustadt an der Waldnaab (Bay)",
    "NF": "Nordfriesland (SlHo)",
    "NH": "Sonneberg (Thür)",
    "NI": "Nienburg/Weser (NiSa)",
    "NK": "Neunkirchen Saar (Saar)",
    "NM": "Neumarkt in der Oberpfalz (Bay)",
    "NMB": "Burgenlandkreis (SaAn)",
    "NMS": "Neumünster (SlHo)",
    "NOH": "Grafschaft Bentheim (NiSa)",
    "NOL": "Görlitz (Sachs)",
    "NOM": "Northeim (NiSa)",
    "NOR": "Aurich (NiSa)",
    "NP": "Ostprignitz-Ruppin (Bran)",
    "NR": "Neuwied (RhPf)",
    "NT": "Esslingen (BaWü)",
    "NU": "Neu-Ulm (Bay)",
    "NVP": "Vorpommern-Rügen (MeVo)",
    "NW": "Neustadt an der Weinstraße (RhPf)",
    "NWM": "Nordwestmecklenburg (MeVo)",
    "NY": "Görlitz (Sachs)",
    "NZ": "Mecklenburgische Seenplatte (MeVo)",
    "NÖ": "Donau-Ries (Bay)",
    "OA": "Oberallgäu (Bay)",
    "OAL": "Ostallgäu (Bay)",
    "OB": "Oberhausen, Stadt (NrWe)",
    "OBB": "Miltenberg (Bay)",
    "OBG": "Stendal (SaAn)",
    "OC": "Börde (SaAn)",
    "OCH": "Würzburg (Bay)",
    "OD": "Stormarn (SlHo)",
    "OE": "Olpe (NrWe)",
    "OF": "Offenbach am Main (Hess)",
    "OG": "Ortenaukreis (BaWü)",
    "OH": "Ostholstein (SlHo)",
    "OHA": "Göttingen (NiSa)",
    "OHV": "Oberhavel (Bran)",
    "OHZ": "Osterholz (NiSa)",
    "OK": "Börde (SaAn)",
    "OL": "Oldenburg (NiSa)",
    "OP": "Leverkusen, Stadt (NrWe)",
    "OPR": "Ostprignitz-Ruppin (Bran)",
    "OS": "Osnabrück (NiSa)",
    "OSL": "Oberspreewald-Lausitz (Bran)",
    "OTW": "Neunkirchen (Saar)",
    "OVI": "Schwandorf (Bay)",
    "OVL": "Vogtlandkreis (Sachs)",
    "OVP": "Vorpommern-Greifswald (MeVo)",
    "OZ": "Nordsachsen (Sachs)",
    "P": "Potsdam, Stadt (Bran)",
    "PA": "Passau (Bay)",
    "PAF": "Pfaffenhofen a. d. Ilm (Bay)",
    "PAN": "Rottal-Inn (Bay)",
    "PAR": "Kelheim, Neumarkt i. d. Opf. (Bay)",
    "PB": "Paderborn (NrWe)",
    "PCH": "Ludwigslust-Parchim (MeVo)",
    "PE": "Peine (NiSa)",
    "PEG": "Bayreuth, Forchheim, Nürnberger Land (Bay)",
    "PF": "Pforzheim, Stadt; Enzkreis (BaWü)",
    "PI": "Pinneberg (SlHo)",
    "PIR": "Sächsische Schweiz-Osterzgebirge (Sachs)",
    "PL": "Vogtlandkreis (Sachs)",
    "PLÖ": "Plön (SlHo)",
    "PM": "Potsdam-Mittelmark (Bran)",
    "PN": "Saale-Orla-Kreis (Thür)",
    "PR": "Prignitz (Bran)",
    "PRÜ": "Eifelkreis Bitburg-Prüm (RhPf)",
    "PS": "Pirmasens, Stadt; Südwestpfalz (RhPf)",
    "PW": "Vorpommern-Greifswald (MeVo)",
    "PZ": "Uckermark (Bran)",
    "QFT": "Saalekreis (SaAn)",
    "QLB": "Harz (SaAn)",
    "R": "Regensburg (Bay)",
    "RA": "Rastatt (BaWü)",
    "RC": "Vogtlandkreis (Sachs)",
    "RD": "Rendsburg-Eckernförde (SlHo)",
    "RDG": "Vorpommern-Rügen (MeVo)",
    "RE": "Recklinghausen (NrWe)",
    "REG": "Regen (Bay)",
    "REH": "Hof, Wunsiedel im Fichtelgebirge (Bay)",
    "REI": "Berchtesgadener Land (Bay)",
    "RG": "Meißen (Sachs)",
    "RH": "Roth (Bay)",
    "RI": "Schaumburg (NiSa)",
    "RID": "Kelheim (Bay)",
    "RIE": "Meißen (Sachs)",
    "RL": "Mittelsachsen (Sachs)",
    "RM": "Mecklenburgische Seenplatte (MeVo)",
    "RN": "Havelland (Bran)",
    "RO": "Rosenheim (Bay)",
    "ROD": "Cham, Schwandorf (Bay)",
    "ROF": "Hersfeld-Rotenburg (Hess)",
    "ROK": "Donnersbergkreis (RhPf)",
    "ROL": "Kelheim, Landshut (Bay)",
    "ROS": "Rostock, Landkreis (MeVo)",
    "ROT": "Ansbach (Bay)",
    "ROW": "Rotenburg/Wümme (NiSa)",
    "RP": "Rhein-Pfalz-Kreis (RhPf)",
    "RS": "Remscheid, Stadt (NrWe)",
    "RSL": "Dessau-Roßlau, Stadt (SaAn)",
    "RT": "Reutlingen (BaWü)",
    "RU": "Saalfeld-Rudolstadt (Thür)",
    "RV": "Ravensburg (BaWü)",
    "RW": "Rottweil (BaWü)",
    "RZ": "Herzogtum Lauenburg (SlHo)",
    "RÜD": "Rheingau-Taunus-Kreis (Hess)",
    "RÜG": "Vorpommern-Rügen (MeVo)",
    "S": "Stuttgart, Stadt (BaWü)",
    "SAB": "Trier-Saarburg (RhPf)",
    "SAD": "Schwandorf (Bay)",
    "SAN": "Hof, Kronach, Kulmbach (Bay)",
    "SAW": "Altmarkkreis Salzwedel (SaAn)",
    "SB": "Saarbrücken, Stadt (Saar)",
    "SBG": "Vorpommern-Greifswald (MeVo)",
    "SBK": "Salzlandkreis (SaAn)",
    "SC": "Schwabach, Stadt (Bay)",
    "SCZ": "Saale-Orla-Kreis (Thür)",
    "SDH": "Kyffhäuserkreis (Thür)",
    "SDL": "Stendal (SaAn)",
    "SDT": "Uckermark (Bran)",
    "SE": "Segeberg (SlHo)",
    "SEB": "Sächsische Schweiz-Osterzgebirge (Sachs)",
    "SEE": "Märkisch-Oderland (Bran)",
    "SEF": "Neustadt a. d. Aisch-Bad Windsheim (Bay)",
    "SEL": "Wunsiedel i. Fichtelgebirge (Bay)",
    "SFB": "Oberspreewald-Lausitz (Bran)",
    "SFT": "Salzlandkreis (SaAn)",
    "SG": "Solingen, Stadt (NrWe)",
    "SGH": "Mansfeld-Südharz (SaAn)",
    "SHA": "Schwäbisch Hall (BaWü)",
    "SHG": "Schaumburg (NiSa)",
    "SHK": "Saale-Holzland-Kreis (Thür)",
    "SHL": "Suhl, Stadt (Thür)",
    "SI": "Siegen-Wittgenstein (NrWe)",
    "SIG": "Sigmaringen (BaWü)",
    "SIM": "Rhein-Hunsrück-Kreis (RhPf)",
    "SK": "Saalekreis (SaAn)",
    "SL": "Schleswig-Flensburg (SlHo)",
    "SLE": "Düren, Euskirchen (NrWe)",
    "SLF": "Saalfeld-Rudolstadt (Thür)",
    "SLG": "Ravensburg, Sigmaringen (BaWü)",
    "SLK": "Salzlandkreis (SaAn)",
    "SLN": "Altenburger Land (Thür)",
    "SLS": "Saarlouis (Saar)",
    "SLZ": "Wartburgkreis (Thür)",
    "SLÜ": "Main-Kinzig-Kreis (Hess)",
    "SM": "Schmalkalden-Meiningen (Thür)",
    "SMÜ": "Augsburg (Bay)",
    "SN": "Schwerin, Stadt (MeVo)",
    "SO": "Soest (NrWe)",
    "SOB": "Neuburg-Schrobenhausen (Bay)",
    "SOG": "Weilheim-Schongau (Bay)",
    "SOK": "Saale-Orla-Kreis (Thür)",
    "SON": "Sonneberg (Thür)",
    "SP": "Speyer, Stadt (RhPf)",
    "SPB": "Spree-Neiße (Bran)",
    "SPN": "Spree-Neiße (Bran)",
    "SR": "Straubing, Straubing-Bogen (Bay)",
    "SRB": "Märkisch-Oderland (Bran)",
    "SRO": "Saale-Holzland-Kreis (Thür)",
    "ST": "Steinfurt (NrWe)",
    "STA": "Starnberg (Bay)",
    "STB": "Ludwigslust-Parchim (MeVo)",
    "STD": "Stade (NiSa)",
    "STE": "Lichtenfels (Bay)",
    "STL": "Erzgebirgskreis (Sachs)",
    "STO": "Konstanz, Sigmaringen (BaWü)",
    "SU": "Rhein-Sieg-Kreis (NrWe)",
    "SUL": "Amberg-Sulzbach (Bay)",
    "SW": "Schweinfurt (Bay)",
    "SWA": "Rheingau-Taunus-Kreis (Hess)",
    "SY": "Diepholz (NiSa)",
    "SZ": "Salzgitter, Stadt (NiSa)",
    "SZB": "Erzgebirgskreis (Sachs)",
    "SÄK": "Waldshut (BaWü)",
    "SÖM": "Sömmerda (Thür)",
    "SÜW": "Südliche Weinstraße (RhPf)",
    "TBB": "Main-Tauber-Kreis (BaWü)",
    "TDO": "Nordsachsen (Sachs)",
    "TE": "Steinfurt (NrWe)",
    "TET": "Rostock, Landkreis (MeVo)",
    "TF": "Teltow-Fläming (Bran)",
    "TG": "Nordsachsen (Sachs)",
    "TIR": "Tirschenreuth (Bay)",
    "TO": "Nordsachsen (Sachs)",
    "TP": "Uckermark (Bran)",
    "TR": "Trier, Stadt; Trier-Saarburg (RhPf)",
    "TS": "Traunstein (Bay)",
    "TT": "Bodenseekreis (BaWü)",
    "TUT": "Tuttlingen (BaWü)",
    "TÖL": "Bad Tölz-Wolfratshausen (Bay)",
    "TÜ": "Tübingen (BaWü)",
    "UE": "Uelzen (NiSa)",
    "UEM": "Vorpommern-Greifswald (MeVo)",
    "UER": "Vorpommern-Greifswald (MeVo)",
    "UFF": "Neustadt a. d. Aisch-Bad Windsheim (Bay)",
    "UH": "Unstrut-Hainich-Kreis (Thür)",
    "UL": "Ulm, Stadt; Alb-Donau-Kreis (BaWü)",
    "UM": "Uckermark (Bran)",
    "UN": "Unna (NrWe)",
    "USI": "Hochtaunuskreis (Hess)",
    "V": "Vogtlandkreis (Sachs)",
    "VAI": "Ludwigsburg (BaWü)",
    "VB": "Vogelsbergkreis (Hess)",
    "VEC": "Vechta (NiSa)",
    "VER": "Verden (NiSa)",
    "VG": "Vorpommern-Greifswald (MeVo)",
    "VIB": "Landshut, Rottal-Inn (Bay)",
    "VIE": "Viersen (NrWe)",
    "VIT": "Regen (Bay)",
    "VK": "Völklingen, Stadt (Saar)",
    "VOH": "Neustadt a. d. Waldnaab (Bay)",
    "VR": "Vorpommern-Rügen (MeVo)",
    "VS": "Schwarzwald-Baar-Kreis (BaWü)",
    "W": "Wuppertal, Stadt (NrWe)",
    "WA": "Waldeck-Frankenberg (Hess)",
    "WAF": "Warendorf (NrWe)",
    "WAK": "Wartburgkreis (Thür)",
    "WAN": "Herne, Stadt (NrWe)",
    "WAR": "Höxter (NrWe)",
    "WAT": "Bochum, Stadt (NrWe)",
    "WB": "Wittenberg (SaAn)",
    "WBG": "Wolfsburg, Stadt (NiSa)",
    "WBS": "Eichsfeld (Thür)",
    "WDA": "Zwickau (Sachs)",
    "WE": "Weimar, Stadt (Thür)",
    "WEL": "Limburg-Weilburg (Hess)",
    "WEN": "Weiden in der Oberpfalz, Stadt (Bay)",
    "WER": "Augsburg, Dillingen a. d. Donau (Bay)",
    "WES": "Wesel (NrWe)",
    "WF": "Wolfenbüttel (NiSa)",
    "WG": "Ravensburg (BaWü)",
    "WHV": "Wilhelmshaven, Stadt (NiSa)",
    "WI": "Wiesbaden, Stadt (Hess)",
    "WIL": "Bernkastel-Wittlich (RhPf)",
    "WIS": "Nordwestmecklenburg (MeVo)",
    "WIT": "Ennepe-Ruhr-Kreis (NrWe)",
    "WIZ": "Werra-Meißner-Kreis (Hess)",
    "WK": "Ostprignitz-Ruppin (Bran)",
    "WL": "Harburg (NiSa)",
    "WLG": "Vorpommern-Greifswald (MeVo)",
    "WM": "Weilheim-Schongau (Bay)",
    "WMS": "Börde (SaAn)",
    "WN": "Rems-Murr-Kreis (BaWü)",
    "WND": "St. Wendel (Saar)",
    "WO": "Worms, Stadt (RhPf)",
    "WOB": "Wolfsburg, Stadt (NiSa)",
    "WOH": "Kassel (Hess)",
    "WOL": "Freudenstadt, Ortenaukreis (BaWü)",
    "WOR": "Bad Tölz-Wolfratshausen, München, Starnberg (Bay)",
    "WOS": "Freyung-Grafenau (Bay)",
    "WR": "Harz (SaAn)",
    "WRN": "Mecklenburgische Seenplatte (MeVo)",
    "WS": "Mühldorf am Inn, Rosenheim (Bay)",
    "WSF": "Burgenlandkreis (SaAn)",
    "WST": "Ammerland (NiSa)",
    "WSW": "Görlitz (Sachs)",
    "WT": "Waldshut (BaWü)",
    "WTL": "Osnabrück (NiSa)",
    "WTM": "Wittmund (NiSa)",
    "WUG": "Weißenburg-Gunzenhausen (Bay)",
    "WUN": "Wunsiedel im Fichtelgebirge (Bay)",
    "WUR": "Leipzig (Sachs)",
    "WW": "Westerwald (RhPf)",
    "WZ": "Lahn-Dill-Kreis, Wetzlar, Stadt (Hess)",
    "WZL": "Börde (SaAn)",
    "WÜ": "Würzburg (Bay)",
    "WÜM": "Cham (Bay)",
    "X": "NATO-Hauptquartiere (Bundeswehr)",
    "Y": "Bundeswehr",
    "Z": "Zwickau (Sachs)",
    "ZE": "Anhalt-Bitterfeld (SaAn)",
    "ZEL": "Cochem-Zell (RhPf)",
    "ZI": "Görlitz (Sachs)",
    "ZIG": "Schwalm-Eder-Kreis (Hess)",
    "ZP": "Erzgebirgskreis (Sachs)",
    "ZR": "Greiz (Thür)",
    "ZS": "Teltow-Fläming (Bran)",
    "ZW": "Südwestpfalz, Zweibrücken, Stadt (RhPf)",
    "ZZ": "Burgenlandkreis (SaAn)",
    "ÖHR": "Hohenlohekreis (BaWü)",
    "ÜB": "Bodenseekreis, Ravensburg, Sigmaringen (BaWü)"
}